event,date,page_url,pdf_url
Planning Board Meeting,"February 11, 2026 - 7:00pm",https://www.ballstonspa.gov/home/events/20901,https://www.ballstonspa.gov/sites/g/files/vyhlif6186/f/events/2.11.26_meeting_agenda_0.pdf
Historic District Commission Meeting,"February 10, 2026 - 7:00pm",https://www.ballstonspa.gov/home/events/21006,https://www.ballstonspa.gov/sites/g/files/vyhlif6186/f/events/feb_10_agenda.pdf
Village of Ballston Spa Board of Trustees Meeting,"February 9, 2026 - 7:00pm",https://www.ballstonspa.gov/home/events/20811,https://www.ballstonspa.gov/sites/g/files/vyhlif6186/f/events/abstract_2.9.26.pdf
Village of Ballston Spa Board of Trustees Meeting,"February 9, 2026 - 7:00pm",https://www.ballstonspa.gov/home/events/20811,https://www.ballstonspa.gov/sites/g/files/vyhlif6186/f/events/attachments_2.9.26.pdf
Village of Ballston Spa Board of Trustees Meeting,"February 9, 2026 - 7:00pm",https://www.ballstonspa.gov/home/events/20811,https://www.ballstonspa.gov/sites/g/files/vyhlif6186/f/events/2.9.26_att_bspa_revitalize_presentation.pdf
Village of Ballston Spa Board of Trustees Meeting,"February 9, 2026 - 7:00pm",https://www.ballstonspa.gov/home/events/20811,https://www.ballstonspa.gov/sites/g/files/vyhlif6186/f/events/1.12.26_mtg_minutes.pdf
Village of Ballston Spa Board of Trustees Meeting,"February 9, 2026 - 7:00pm",https://www.ballstonspa.gov/home/events/20811,https://www.ballstonspa.gov/sites/g/files/vyhlif6186/f/events/1.26.26_minutes.pdf
Village of Ballston Spa Board of Trustees Meeting,"February 9, 2026 - 7:00pm",https://www.ballstonspa.gov/home/events/20811,https://www.ballstonspa.gov/sites/g/files/vyhlif6186/f/events/agenda_2.9.2026_0.pdf
Village of Ballston Spa Board of Trustees Meeting,"January 26, 2026 - 7:00pm",https://www.ballstonspa.gov/home/events/20806,https://www.ballstonspa.gov/sites/g/files/vyhlif6186/f/events/1.26.26_agenda_fsr.pdf
Village of Ballston Spa Board of Trustees Meeting,"January 26, 2026 - 7:00pm",https://www.ballstonspa.gov/home/events/20806,https://www.ballstonspa.gov/sites/g/files/vyhlif6186/f/events/attachments_1.26.26.pdf
Village of Ballston Spa Board of Trustees Meeting,"January 26, 2026 - 7:00pm",https://www.ballstonspa.gov/home/events/20806,https://www.ballstonspa.gov/sites/g/files/vyhlif6186/f/events/1.12.26_draft_minutes_for_1.26.26_mtg.pdf
Village of Ballston Spa Board of Trustees Meeting,"January 26, 2026 - 7:00pm",https://www.ballstonspa.gov/home/events/20806,https://www.ballstonspa.gov/sites/g/files/vyhlif6186/f/events/abstract_1.26.26.pdf
Village of Ballston Spa Board of Trustees Meeting,"January 26, 2026 - 7:00pm",https://www.ballstonspa.gov/home/events/20806,https://www.ballstonspa.gov/sites/g/files/vyhlif6186/f/events/attachments_1.26.26b.pdf
BOA Steering Committee Meeting,"January 22, 2026 - 7:00pm",https://www.ballstonspa.gov/home/events/21016,https://www.ballstonspa.gov/sites/g/files/vyhlif6186/f/events/agenda_-_committee_meeting_6.pdf
Park and Tree Meeting,"January 20, 2026 - 7:00pm",https://www.ballstonspa.gov/home/events/20771,https://www.ballstonspa.gov/sites/g/files/vyhlif6186/f/events/park_and_tree_agenda_1.20.26.pdf
Park and Tree Meeting,"January 20, 2026 - 7:00pm",https://www.ballstonspa.gov/home/events/20771,https://www.ballstonspa.gov/sites/g/files/vyhlif6186/f/events/park_and_tree_minutes_12.16.25.pdf
Committee on the Arts Meeting,"January 14, 2026 - 7:00pm",https://www.ballstonspa.gov/home/events/20826,https://www.ballstonspa.gov/sites/g/files/vyhlif6186/f/events/11.12.2025_meeting_minutes.pdf
Committee on the Arts Meeting,"January 14, 2026 - 7:00pm",https://www.ballstonspa.gov/home/events/20826,https://www.ballstonspa.gov/sites/g/files/vyhlif6186/f/events/1.14.2026_meeting_agenda.pdf
Planning Board Meeting,"January 14, 2026 - 7:00pm",https://www.ballstonspa.gov/home/events/20711,https://www.ballstonspa.gov/sites/g/files/vyhlif6186/f/events/1.14.26_meeting_agenda.pdf
HDC Meeting,"January 13, 2026 - 7:00pm",https://www.ballstonspa.gov/home/events/20756,https://www.ballstonspa.gov/sites/g/files/vyhlif6186/f/events/hdc_jan_13_26_agenda.pdf
Village of Ballston Spa Board of Trustees Meeting,"January 12, 2026 - 7:00pm",https://www.ballstonspa.gov/home/events/20421,https://www.ballstonspa.gov/sites/g/files/vyhlif6186/f/events/agenda_1-12-26_fsr.pdf
Village of Ballston Spa Board of Trustees Meeting,"January 12, 2026 - 7:00pm",https://www.ballstonspa.gov/home/events/20421,https://www.ballstonspa.gov/sites/g/files/vyhlif6186/f/events/draft_meeting_minutes_for_12.8.25-1.1.26_meetings.pdf
Village of Ballston Spa Board of Trustees Meeting,"January 12, 2026 - 7:00pm",https://www.ballstonspa.gov/home/events/20421,https://www.ballstonspa.gov/sites/g/files/vyhlif6186/f/events/1.12.26_abstract.pdf
Village of Ballston Spa Board of Trustees Meeting,"January 12, 2026 - 7:00pm",https://www.ballstonspa.gov/home/events/20421,https://www.ballstonspa.gov/sites/g/files/vyhlif6186/f/events/1.12.26_attachments.pdf
Village of Ballston Spa Organizational Meeting,"January 1, 2026 - 12:00pm",https://www.ballstonspa.gov/home/events/20356,https://www.ballstonspa.gov/sites/g/files/vyhlif6186/f/events/att_1-1-2026.pdf
Village of Ballston Spa Organizational Meeting,"January 1, 2026 - 12:00pm",https://www.ballstonspa.gov/home/events/20356,https://www.ballstonspa.gov/sites/g/files/vyhlif6186/f/events/agenda_1.1.26_fsr.pdf
Park and Tree Meeting,"December 16, 2025 - 7:00pm",https://www.ballstonspa.gov/home/events/20346,https://www.ballstonspa.gov/sites/g/files/vyhlif6186/f/events/park_and_tree_agenda_12.16.25.pdf
Special Board of Trustees Meeting,"December 15, 2025 - 6:30pm",https://www.ballstonspa.gov/home/events/20326,https://www.ballstonspa.gov/sites/g/files/vyhlif6186/f/events/agenda_12.15.25_-_fsr.pdf
Special Board of Trustees Meeting,"December 15, 2025 - 6:30pm",https://www.ballstonspa.gov/home/events/20326,https://www.ballstonspa.gov/sites/g/files/vyhlif6186/f/events/12-15-25_att.pdf
Postponed !!! Arts Committee Meeting,"December 10, 2025 - 7:00pm",https://www.ballstonspa.gov/home/events/20151,https://www.ballstonspa.gov/sites/g/files/vyhlif6186/f/events/12.10.2025_meeting_agenda.pdf
Planning Board Meeting,"December 10, 2025 - 7:00pm",https://www.ballstonspa.gov/home/events/19921,https://www.ballstonspa.gov/sites/g/files/vyhlif6186/f/events/12.10.25_meeting_agenda.pdf
Planning Board Meeting,"December 10, 2025 - 7:00pm",https://www.ballstonspa.gov/home/events/19921,https://www.ballstonspa.gov/sites/g/files/vyhlif6186/f/events/info_packet_87_front_st_bsnb_signs.pdf
Village of Ballston Spa Board of Trustees Meeting,"December 8, 2025 - 7:00pm",https://www.ballstonspa.gov/home/events/20241,https://www.ballstonspa.gov/sites/g/files/vyhlif6186/f/events/12.08.25_att.pdf
Village of Ballston Spa Board of Trustees Meeting,"December 8, 2025 - 7:00pm",https://www.ballstonspa.gov/home/events/20241,https://www.ballstonspa.gov/sites/g/files/vyhlif6186/f/events/agenda_12.08.25_-_fsr.pdf
Village of Ballston Spa Board of Trustees Meeting,"December 8, 2025 - 7:00pm",https://www.ballstonspa.gov/home/events/20241,https://www.ballstonspa.gov/sites/g/files/vyhlif6186/f/events/bd._mtg._11.24.25_0.pdf
Zoning Board of Appeals Meeting,"December 3, 2025 - 6:00pm",https://www.ballstonspa.gov/home/events/19916,https://www.ballstonspa.gov/sites/g/files/vyhlif6186/f/events/site_plan_review_checklist_galway_lot_line_adjustment_1.pdf
Zoning Board of Appeals Meeting,"December 3, 2025 - 6:00pm",https://www.ballstonspa.gov/home/events/19916,https://www.ballstonspa.gov/sites/g/files/vyhlif6186/f/events/galway_st_subdivision_application__0.pdf
Zoning Board of Appeals Meeting,"December 3, 2025 - 6:00pm",https://www.ballstonspa.gov/home/events/19916,https://www.ballstonspa.gov/sites/g/files/vyhlif6186/f/events/108000-site_plan_checklist_0.pdf
Zoning Board of Appeals Meeting,"December 3, 2025 - 6:00pm",https://www.ballstonspa.gov/home/events/19916,https://www.ballstonspa.gov/sites/g/files/vyhlif6186/f/events/108000-site_plan_application_0.pdf
Zoning Board of Appeals Meeting,"December 3, 2025 - 6:00pm",https://www.ballstonspa.gov/home/events/19916,https://www.ballstonspa.gov/sites/g/files/vyhlif6186/f/events/108000-seaf_0.pdf
Zoning Board of Appeals Meeting,"December 3, 2025 - 6:00pm",https://www.ballstonspa.gov/home/events/19916,https://www.ballstonspa.gov/sites/g/files/vyhlif6186/f/events/108000-concept_layout_0.pdf
Zoning Board of Appeals Meeting,"December 3, 2025 - 6:00pm",https://www.ballstonspa.gov/home/events/19916,https://www.ballstonspa.gov/sites/g/files/vyhlif6186/f/events/108000-2025_10_7-project_narrative_0.pdf
Zoning Board of Appeals Meeting,"December 3, 2025 - 6:00pm",https://www.ballstonspa.gov/home/events/19916,https://www.ballstonspa.gov/sites/g/files/vyhlif6186/f/events/12.3.25_zba_agenda_0.pdf
Zoning Board of Appeals Meeting,"December 3, 2025 - 6:00pm",https://www.ballstonspa.gov/home/events/19916,https://www.ballstonspa.gov/sites/g/files/vyhlif6186/f/events/1080.00_l.l.a.cert_25-10-2_0.pdf
Zoning Board of Appeals Meeting,"December 3, 2025 - 6:00pm",https://www.ballstonspa.gov/home/events/19916,https://www.ballstonspa.gov/sites/g/files/vyhlif6186/f/events/zoning_area_application_11-4-2025_tacy_0.pdf
Zoning Board of Appeals Meeting,"December 3, 2025 - 6:00pm",https://www.ballstonspa.gov/home/events/19916,https://www.ballstonspa.gov/sites/g/files/vyhlif6186/f/events/info_packet_17_east_high_street_-_maas_0.pdf
Ethics Board Meeting,"November 25, 2025 - 1:00pm",https://www.ballstonspa.gov/home/events/20041,https://www.ballstonspa.gov/sites/g/files/vyhlif6186/f/events/agenda-11.25.25_copy.pdf
Village of Ballston Spa Board of Trustees Meeting,"November 24, 2025 - 7:00pm",https://www.ballstonspa.gov/home/events/19971,https://www.ballstonspa.gov/sites/g/files/vyhlif6186/f/events/11.24.25_att.pdf
Village of Ballston Spa Board of Trustees Meeting,"November 24, 2025 - 7:00pm",https://www.ballstonspa.gov/home/events/19971,https://www.ballstonspa.gov/sites/g/files/vyhlif6186/f/events/bd._mtg._11.10.25.pdf
Village of Ballston Spa Board of Trustees Meeting,"November 24, 2025 - 7:00pm",https://www.ballstonspa.gov/home/events/19971,https://www.ballstonspa.gov/sites/g/files/vyhlif6186/f/events/agenda_11.24.25_fsr.pdf
Revitalize Ballston Spa Public Workshop,"November 20, 2025 - 6:00pm",https://www.ballstonspa.gov/home/events/18941,https://www.ballstonspa.gov/sites/g/files/vyhlif6186/f/events/bspa_boa_workshop_flyer_workshop_2_flyer.pdf
Park and Tree Meeting,"November 18, 2025 - 7:00pm",https://www.ballstonspa.gov/home/events/19936,https://www.ballstonspa.gov/sites/g/files/vyhlif6186/f/events/park_and_tree_agenda_11.18.25.pdf
Planning Board Meeting,"November 12, 2025 - 7:00pm",https://www.ballstonspa.gov/home/events/19331,https://www.ballstonspa.gov/sites/g/files/vyhlif6186/f/events/11.12.25_meeting_agenda.pdf
Planning Board Meeting,"November 12, 2025 - 7:00pm",https://www.ballstonspa.gov/home/events/19331,https://www.ballstonspa.gov/sites/g/files/vyhlif6186/f/events/tacy_subdivision_rev_10-7-25_0.pdf
Planning Board Meeting,"November 12, 2025 - 7:00pm",https://www.ballstonspa.gov/home/events/19331,https://www.ballstonspa.gov/sites/g/files/vyhlif6186/f/events/washington_st_subdivision_application__0.pdf
Planning Board Meeting,"November 12, 2025 - 7:00pm",https://www.ballstonspa.gov/home/events/19331,https://www.ballstonspa.gov/sites/g/files/vyhlif6186/f/events/scan.pdf
Village of Ballston Spa Board of Trustees Meeting,"November 10, 2025 - 7:00pm",https://www.ballstonspa.gov/home/events/19521,https://www.ballstonspa.gov/sites/g/files/vyhlif6186/f/events/11-10-2025_att_2_of_2.pdf
Village of Ballston Spa Board of Trustees Meeting,"November 10, 2025 - 7:00pm",https://www.ballstonspa.gov/home/events/19521,https://www.ballstonspa.gov/sites/g/files/vyhlif6186/f/events/11-10-2025_att_1_of_2.pdf
Village of Ballston Spa Board of Trustees Meeting,"November 10, 2025 - 7:00pm",https://www.ballstonspa.gov/home/events/19521,https://www.ballstonspa.gov/sites/g/files/vyhlif6186/f/events/bd._mtg._10.27.25.pdf
Village of Ballston Spa Board of Trustees Meeting,"November 10, 2025 - 7:00pm",https://www.ballstonspa.gov/home/events/19521,https://www.ballstonspa.gov/sites/g/files/vyhlif6186/f/events/special_mtg._10.27.25.pdf
Village of Ballston Spa Board of Trustees Meeting,"November 10, 2025 - 7:00pm",https://www.ballstonspa.gov/home/events/19521,https://www.ballstonspa.gov/sites/g/files/vyhlif6186/f/events/agenda_11.10.25_fsr_amended.pdf
Village of Ballston Spa Board of Trustees Meeting,"November 10, 2025 - 7:00pm",https://www.ballstonspa.gov/home/events/19521,https://www.ballstonspa.gov/sites/g/files/vyhlif6186/f/events/2026_bspa_fiscal_sponsorhip_projects.pdf
Village of Ballston Spa Board of Trustees Meeting,"November 10, 2025 - 7:00pm",https://www.ballstonspa.gov/home/events/19401,https://www.ballstonspa.gov/sites/g/files/vyhlif6186/f/events/11-10-2025_att_2_of_2.pdf
Village of Ballston Spa Board of Trustees Meeting,"November 10, 2025 - 7:00pm",https://www.ballstonspa.gov/home/events/19401,https://www.ballstonspa.gov/sites/g/files/vyhlif6186/f/events/11-10-2025_att_1_of_2.pdf
Village of Ballston Spa Board of Trustees Meeting,"November 10, 2025 - 7:00pm",https://www.ballstonspa.gov/home/events/19401,https://www.ballstonspa.gov/sites/g/files/vyhlif6186/f/events/bd._mtg._10.27.25.pdf
Village of Ballston Spa Board of Trustees Meeting,"November 10, 2025 - 7:00pm",https://www.ballstonspa.gov/home/events/19401,https://www.ballstonspa.gov/sites/g/files/vyhlif6186/f/events/special_mtg._10.27.25.pdf
Village of Ballston Spa Board of Trustees Meeting,"November 10, 2025 - 7:00pm",https://www.ballstonspa.gov/home/events/19401,https://www.ballstonspa.gov/sites/g/files/vyhlif6186/f/events/agenda_11.10.25_fsr.pdf
Zoning Board of Appeals Meeting,"November 6, 2025 - 6:00pm",https://www.ballstonspa.gov/home/events/19316,https://www.ballstonspa.gov/sites/g/files/vyhlif6186/f/events/11.6.25_zba_agenda.pdf
Committee on the Arts Meeting,"November 5, 2025 - 7:00pm",https://www.ballstonspa.gov/home/events/17571,https://www.ballstonspa.gov/sites/g/files/vyhlif6186/f/events/meeting_agenda_11.5.2025.pdf
Zoning Board of Appeals Meeting,"October 29, 2025 - 7:00pm",https://www.ballstonspa.gov/home/events/18986,https://www.ballstonspa.gov/sites/g/files/vyhlif6186/f/events/info_packet_114_south_street_jordan.pdf
Zoning Board of Appeals Meeting,"October 29, 2025 - 7:00pm",https://www.ballstonspa.gov/home/events/18986,https://www.ballstonspa.gov/sites/g/files/vyhlif6186/f/events/10.29.25_zba_agenda.pdf
Zoning Board of Appeals Meeting,"October 29, 2025 - 7:00pm",https://www.ballstonspa.gov/home/events/18986,https://www.ballstonspa.gov/sites/g/files/vyhlif6186/f/events/galway_st_subdivision_application_.pdf
Zoning Board of Appeals Meeting,"October 29, 2025 - 7:00pm",https://www.ballstonspa.gov/home/events/18986,https://www.ballstonspa.gov/sites/g/files/vyhlif6186/f/events/108000-site_vicinity_plan.pdf
Zoning Board of Appeals Meeting,"October 29, 2025 - 7:00pm",https://www.ballstonspa.gov/home/events/18986,https://www.ballstonspa.gov/sites/g/files/vyhlif6186/f/events/108000-site_plan_checklist.pdf
Zoning Board of Appeals Meeting,"October 29, 2025 - 7:00pm",https://www.ballstonspa.gov/home/events/18986,https://www.ballstonspa.gov/sites/g/files/vyhlif6186/f/events/108000-site_plan_application.pdf
Zoning Board of Appeals Meeting,"October 29, 2025 - 7:00pm",https://www.ballstonspa.gov/home/events/18986,https://www.ballstonspa.gov/sites/g/files/vyhlif6186/f/events/108000-seaf.pdf
Zoning Board of Appeals Meeting,"October 29, 2025 - 7:00pm",https://www.ballstonspa.gov/home/events/18986,https://www.ballstonspa.gov/sites/g/files/vyhlif6186/f/events/108000-concept_layout.pdf
Zoning Board of Appeals Meeting,"October 29, 2025 - 7:00pm",https://www.ballstonspa.gov/home/events/18986,https://www.ballstonspa.gov/sites/g/files/vyhlif6186/f/events/108000-2025_10_7-project_narrative.pdf
Zoning Board of Appeals Meeting,"October 29, 2025 - 7:00pm",https://www.ballstonspa.gov/home/events/18986,https://www.ballstonspa.gov/sites/g/files/vyhlif6186/f/events/1080.00_l.l.a.cert_25-10-2.pdf
Zoning Board of Appeals Meeting,"October 29, 2025 - 7:00pm",https://www.ballstonspa.gov/home/events/18986,https://www.ballstonspa.gov/sites/g/files/vyhlif6186/f/events/washington_subdivision_seqr_part_1_10.8.2025.pdf
Zoning Board of Appeals Meeting,"October 29, 2025 - 7:00pm",https://www.ballstonspa.gov/home/events/18986,https://www.ballstonspa.gov/sites/g/files/vyhlif6186/f/events/washington_st_subdivision_application_.pdf
Zoning Board of Appeals Meeting,"October 29, 2025 - 7:00pm",https://www.ballstonspa.gov/home/events/18986,https://www.ballstonspa.gov/sites/g/files/vyhlif6186/f/events/tacy_subdivision_rev_10-7-25.pdf
Zoning Board of Appeals Meeting,"October 29, 2025 - 7:00pm",https://www.ballstonspa.gov/home/events/18986,https://www.ballstonspa.gov/sites/g/files/vyhlif6186/f/events/tacy_seqr_part_2_washington_st_10.8.25.pdf
Zoning Board of Appeals Meeting,"October 29, 2025 - 7:00pm",https://www.ballstonspa.gov/home/events/18986,https://www.ballstonspa.gov/sites/g/files/vyhlif6186/f/events/site_plan_review_checklist_washington_subdivision.pdf
Zoning Board of Appeals Meeting,"October 29, 2025 - 7:00pm",https://www.ballstonspa.gov/home/events/18986,https://www.ballstonspa.gov/sites/g/files/vyhlif6186/f/events/site_plan_review_checklist_galway_lot_line_adjustment_0.pdf
Zoning Board of Appeals Meeting,"October 29, 2025 - 7:00pm",https://www.ballstonspa.gov/home/events/18986,https://www.ballstonspa.gov/sites/g/files/vyhlif6186/f/events/planning_board_minutes_10.8.25_-_draft_amended.pdf
Historic District Commission Meeting,"October 28, 2025 - 5:30pm",https://www.ballstonspa.gov/home/events/19076,https://www.ballstonspa.gov/sites/g/files/vyhlif6186/f/events/hdc_agenda_10.28.25.pdf
Village of Ballston Spa Board of Trustees Meeting,"October 27, 2025 - 6:30pm",https://www.ballstonspa.gov/home/events/19216,https://www.ballstonspa.gov/sites/g/files/vyhlif6186/f/events/bd._mtg._10.14.25.pdf
Village of Ballston Spa Board of Trustees Meeting,"October 27, 2025 - 6:30pm",https://www.ballstonspa.gov/home/events/19216,https://www.ballstonspa.gov/sites/g/files/vyhlif6186/f/events/agenda_10.27.25_fsr.pdf
Village of Ballston Spa Board of Trustees Meeting,"October 27, 2025 - 6:30pm",https://www.ballstonspa.gov/home/events/19216,https://www.ballstonspa.gov/sites/g/files/vyhlif6186/f/events/10.27.25_att_fixed.pdf
Park and Tree Meeting,"October 21, 2025 - 7:00pm",https://www.ballstonspa.gov/home/events/18971,https://www.ballstonspa.gov/sites/g/files/vyhlif6186/f/events/park_and_tree_agenda_10.21.25.pdf
Committee on the Arts Meeting,"October 15, 2025 - 7:00pm",https://www.ballstonspa.gov/home/events/17606,https://www.ballstonspa.gov/sites/g/files/vyhlif6186/f/events/10.15.2025_coa_meeting_agenda.pdf
Village of Ballston Spa Board of Trustees Meeting,"October 14, 2025 - 7:00pm",https://www.ballstonspa.gov/home/events/19461,https://www.ballstonspa.gov/sites/g/files/vyhlif6186/f/events/11-10-2025_att_2_of_2.pdf
Village of Ballston Spa Board of Trustees Meeting,"October 14, 2025 - 7:00pm",https://www.ballstonspa.gov/home/events/19461,https://www.ballstonspa.gov/sites/g/files/vyhlif6186/f/events/11-10-2025_att_1_of_2.pdf
Village of Ballston Spa Board of Trustees Meeting,"October 14, 2025 - 7:00pm",https://www.ballstonspa.gov/home/events/19461,https://www.ballstonspa.gov/sites/g/files/vyhlif6186/f/events/bd._mtg._10.27.25.pdf
Village of Ballston Spa Board of Trustees Meeting,"October 14, 2025 - 7:00pm",https://www.ballstonspa.gov/home/events/19461,https://www.ballstonspa.gov/sites/g/files/vyhlif6186/f/events/special_mtg._10.27.25.pdf
Village of Ballston Spa Board of Trustees Meeting,"October 14, 2025 - 7:00pm",https://www.ballstonspa.gov/home/events/19461,https://www.ballstonspa.gov/sites/g/files/vyhlif6186/f/events/agenda_11.10.25_fsr_amended.pdf
Village of Ballston Spa Board of Trustees Meeting,"October 14, 2025 - 7:00pm",https://www.ballstonspa.gov/home/events/19461,https://www.ballstonspa.gov/sites/g/files/vyhlif6186/f/events/2026_bspa_fiscal_sponsorhip_projects.pdf
Village of Ballston Spa Board of Trustees Meeting,"October 14, 2025 - 7:00pm",https://www.ballstonspa.gov/home/events/15961,https://www.ballstonspa.gov/sites/g/files/vyhlif6186/f/events/bd._mtg._09.22.25.pdf
Village of Ballston Spa Board of Trustees Meeting,"October 14, 2025 - 7:00pm",https://www.ballstonspa.gov/home/events/15961,https://www.ballstonspa.gov/sites/g/files/vyhlif6186/f/events/agenda_10.14.25_fsr.pdf
Village of Ballston Spa Board of Trustees Meeting,"October 14, 2025 - 7:00pm",https://www.ballstonspa.gov/home/events/15961,https://www.ballstonspa.gov/sites/g/files/vyhlif6186/f/events/10.14.25_att.pdf
Village of Ballston Spa Board of Trustees Meeting,"October 14, 2025 - 7:00pm",https://www.ballstonspa.gov/home/events/15966,https://www.ballstonspa.gov/sites/g/files/vyhlif6186/f/events/11-10-2025_att_2_of_2.pdf
Village of Ballston Spa Board of Trustees Meeting,"October 14, 2025 - 7:00pm",https://www.ballstonspa.gov/home/events/15966,https://www.ballstonspa.gov/sites/g/files/vyhlif6186/f/events/11-10-2025_att_1_of_2.pdf
Village of Ballston Spa Board of Trustees Meeting,"October 14, 2025 - 7:00pm",https://www.ballstonspa.gov/home/events/15966,https://www.ballstonspa.gov/sites/g/files/vyhlif6186/f/events/bd._mtg._10.27.25.pdf
Village of Ballston Spa Board of Trustees Meeting,"October 14, 2025 - 7:00pm",https://www.ballstonspa.gov/home/events/15966,https://www.ballstonspa.gov/sites/g/files/vyhlif6186/f/events/special_mtg._10.27.25.pdf
Village of Ballston Spa Board of Trustees Meeting,"October 14, 2025 - 7:00pm",https://www.ballstonspa.gov/home/events/15966,https://www.ballstonspa.gov/sites/g/files/vyhlif6186/f/events/agenda_11.10.25_fsr.pdf
Village of Ballston Spa Board of Trustees Meeting,"October 14, 2025 - 7:00pm",https://www.ballstonspa.gov/home/events/20076,https://www.ballstonspa.gov/sites/g/files/vyhlif6186/f/events/12.08.25_att.pdf
Village of Ballston Spa Board of Trustees Meeting,"October 14, 2025 - 7:00pm",https://www.ballstonspa.gov/home/events/20076,https://www.ballstonspa.gov/sites/g/files/vyhlif6186/f/events/bd._mtg._11.24.25.pdf
Village of Ballston Spa Board of Trustees Meeting,"October 14, 2025 - 7:00pm",https://www.ballstonspa.gov/home/events/20076,https://www.ballstonspa.gov/sites/g/files/vyhlif6186/f/events/agenda_12.08.25_-_fsr.pdf
Village of Ballston Spa Board of Trustees Meeting,"October 14, 2025 - 7:00pm",https://www.ballstonspa.gov/home/events/19341,https://www.ballstonspa.gov/sites/g/files/vyhlif6186/f/events/11-10-2025_att_2_of_2.pdf
Village of Ballston Spa Board of Trustees Meeting,"October 14, 2025 - 7:00pm",https://www.ballstonspa.gov/home/events/19341,https://www.ballstonspa.gov/sites/g/files/vyhlif6186/f/events/11-10-2025_att_1_of_2.pdf
Village of Ballston Spa Board of Trustees Meeting,"October 14, 2025 - 7:00pm",https://www.ballstonspa.gov/home/events/19341,https://www.ballstonspa.gov/sites/g/files/vyhlif6186/f/events/bd._mtg._10.27.25.pdf
Village of Ballston Spa Board of Trustees Meeting,"October 14, 2025 - 7:00pm",https://www.ballstonspa.gov/home/events/19341,https://www.ballstonspa.gov/sites/g/files/vyhlif6186/f/events/special_mtg._10.27.25.pdf
Village of Ballston Spa Board of Trustees Meeting,"October 14, 2025 - 7:00pm",https://www.ballstonspa.gov/home/events/19341,https://www.ballstonspa.gov/sites/g/files/vyhlif6186/f/events/agenda_11.10.25_fsr_amended.pdf
Village of Ballston Spa Board of Trustees Meeting,"October 14, 2025 - 7:00pm",https://www.ballstonspa.gov/home/events/19346,https://www.ballstonspa.gov/sites/g/files/vyhlif6186/f/events/11-10-2025_att_2_of_2.pdf
Village of Ballston Spa Board of Trustees Meeting,"October 14, 2025 - 7:00pm",https://www.ballstonspa.gov/home/events/19346,https://www.ballstonspa.gov/sites/g/files/vyhlif6186/f/events/11-10-2025_att_1_of_2.pdf
Village of Ballston Spa Board of Trustees Meeting,"October 14, 2025 - 7:00pm",https://www.ballstonspa.gov/home/events/19346,https://www.ballstonspa.gov/sites/g/files/vyhlif6186/f/events/bd._mtg._10.27.25.pdf
Village of Ballston Spa Board of Trustees Meeting,"October 14, 2025 - 7:00pm",https://www.ballstonspa.gov/home/events/19346,https://www.ballstonspa.gov/sites/g/files/vyhlif6186/f/events/special_mtg._10.27.25.pdf
Village of Ballston Spa Board of Trustees Meeting,"October 14, 2025 - 7:00pm",https://www.ballstonspa.gov/home/events/19346,https://www.ballstonspa.gov/sites/g/files/vyhlif6186/f/events/agenda_11.10.25_fsr.pdf
Village of Ballston Spa Board of Trustees Meeting,"October 14, 2025 - 7:00pm",https://www.ballstonspa.gov/home/events/19396,https://www.ballstonspa.gov/sites/g/files/vyhlif6186/f/events/11-10-2025_att_2_of_2.pdf
Village of Ballston Spa Board of Trustees Meeting,"October 14, 2025 - 7:00pm",https://www.ballstonspa.gov/home/events/19396,https://www.ballstonspa.gov/sites/g/files/vyhlif6186/f/events/11-10-2025_att_1_of_2.pdf
Village of Ballston Spa Board of Trustees Meeting,"October 14, 2025 - 7:00pm",https://www.ballstonspa.gov/home/events/19396,https://www.ballstonspa.gov/sites/g/files/vyhlif6186/f/events/bd._mtg._10.27.25.pdf
Village of Ballston Spa Board of Trustees Meeting,"October 14, 2025 - 7:00pm",https://www.ballstonspa.gov/home/events/19396,https://www.ballstonspa.gov/sites/g/files/vyhlif6186/f/events/special_mtg._10.27.25.pdf
Village of Ballston Spa Board of Trustees Meeting,"October 14, 2025 - 7:00pm",https://www.ballstonspa.gov/home/events/19396,https://www.ballstonspa.gov/sites/g/files/vyhlif6186/f/events/agenda_11.10.25_fsr.pdf
Village of Ballston Spa Board of Trustees Meeting,"October 14, 2025 - 7:00pm",https://www.ballstonspa.gov/home/events/20166,https://www.ballstonspa.gov/sites/g/files/vyhlif6186/f/events/12.08.25_att.pdf
Village of Ballston Spa Board of Trustees Meeting,"October 14, 2025 - 7:00pm",https://www.ballstonspa.gov/home/events/20166,https://www.ballstonspa.gov/sites/g/files/vyhlif6186/f/events/agenda_12.08.25_-_fsr.pdf
Village of Ballston Spa Board of Trustees Meeting,"October 14, 2025 - 7:00pm",https://www.ballstonspa.gov/home/events/20166,https://www.ballstonspa.gov/sites/g/files/vyhlif6186/f/events/bd._mtg._11.24.25_0.pdf
Planning Board Meeting,"October 8, 2025 - 7:00pm",https://www.ballstonspa.gov/home/events/18891,https://www.ballstonspa.gov/sites/g/files/vyhlif6186/f/events/10.8.25_meeting_agenda.pdf
Planning Board Meeting,"October 8, 2025 - 7:00pm",https://www.ballstonspa.gov/home/events/18891,https://www.ballstonspa.gov/sites/g/files/vyhlif6186/f/events/info_packet_154_milton_ave_mcandrew_0.pdf
Zoning Board of Appeals Meeting,"September 24, 2025 - 7:00pm",https://www.ballstonspa.gov/home/events/18571,https://www.ballstonspa.gov/sites/g/files/vyhlif6186/f/events/info_packet_20_milton_ave.pdf
Zoning Board of Appeals Meeting,"September 24, 2025 - 7:00pm",https://www.ballstonspa.gov/home/events/18571,https://www.ballstonspa.gov/sites/g/files/vyhlif6186/f/events/9.24.25_zba_agenda.pdf
Village of Ballston Spa Board of Trustees Meeting,"September 22, 2025 - 7:00pm",https://www.ballstonspa.gov/home/events/18736,https://www.ballstonspa.gov/sites/g/files/vyhlif6186/f/events/bd._mtg._09.08.25.pdf
Village of Ballston Spa Board of Trustees Meeting,"September 22, 2025 - 7:00pm",https://www.ballstonspa.gov/home/events/18736,https://www.ballstonspa.gov/sites/g/files/vyhlif6186/f/events/9-22-25_attachments.pdf
Village of Ballston Spa Board of Trustees Meeting,"September 22, 2025 - 7:00pm",https://www.ballstonspa.gov/home/events/18736,https://www.ballstonspa.gov/sites/g/files/vyhlif6186/f/events/agenda_09.22.25_fsr_with_abstract_numbers.pdf
Historic District Commission Presentation,"September 22, 2025 - 7:00pm",https://www.ballstonspa.gov/home/events/18256,https://www.ballstonspa.gov/sites/g/files/vyhlif6186/f/events/proposed_model_law.pdf
Committee on the Arts Meeting,"September 17, 2025 - 5:30pm",https://www.ballstonspa.gov/home/events/17601,https://www.ballstonspa.gov/sites/g/files/vyhlif6186/f/events/9.17.2025_meeting_agenda.pdf
Park and Tree Meeting,"September 16, 2025 - 7:00pm",https://www.ballstonspa.gov/home/events/18561,https://www.ballstonspa.gov/sites/g/files/vyhlif6186/f/events/park_and_tree_agenda_9.16.25.pdf
Planning Board Meeting,"September 10, 2025 - 7:00pm",https://www.ballstonspa.gov/home/events/18501,https://www.ballstonspa.gov/sites/g/files/vyhlif6186/f/events/5865a_-_site_plan_app_checklist.pdf
Planning Board Meeting,"September 10, 2025 - 7:00pm",https://www.ballstonspa.gov/home/events/18501,https://www.ballstonspa.gov/sites/g/files/vyhlif6186/f/events/executed_purchase_agreement_-_7-8-2025_katz_rossi.pdf
Planning Board Meeting,"September 10, 2025 - 7:00pm",https://www.ballstonspa.gov/home/events/18501,https://www.ballstonspa.gov/sites/g/files/vyhlif6186/f/events/5865a-sub.pdf
Planning Board Meeting,"September 10, 2025 - 7:00pm",https://www.ballstonspa.gov/home/events/18501,https://www.ballstonspa.gov/sites/g/files/vyhlif6186/f/events/5865a_-_subdvision_app.pdf
Planning Board Meeting,"September 10, 2025 - 7:00pm",https://www.ballstonspa.gov/home/events/18501,https://www.ballstonspa.gov/sites/g/files/vyhlif6186/f/events/5865a_-_site_plan.pdf
Planning Board Meeting,"September 10, 2025 - 7:00pm",https://www.ballstonspa.gov/home/events/18501,https://www.ballstonspa.gov/sites/g/files/vyhlif6186/f/events/5865a_-_seaf.pdf
Planning Board Meeting,"September 10, 2025 - 7:00pm",https://www.ballstonspa.gov/home/events/18501,https://www.ballstonspa.gov/sites/g/files/vyhlif6186/f/events/5865a_-_cover_letter.pdf
Planning Board Meeting,"September 10, 2025 - 7:00pm",https://www.ballstonspa.gov/home/events/18501,https://www.ballstonspa.gov/sites/g/files/vyhlif6186/f/events/2025_-_0602_-_5865a_-project_narrative.pdf
Planning Board Meeting,"September 10, 2025 - 7:00pm",https://www.ballstonspa.gov/home/events/18501,https://www.ballstonspa.gov/sites/g/files/vyhlif6186/f/events/9.10.25_meeting_agenda.pdf
Planning Board Meeting,"September 10, 2025 - 7:00pm",https://www.ballstonspa.gov/home/events/18501,https://www.ballstonspa.gov/sites/g/files/vyhlif6186/f/events/planning_board_9.10.25_meeting_ltr_to_katz_9.3.25.pdf
Village of Ballston Spa Board of Trustees Meeting,"September 8, 2025 - 7:00pm",https://www.ballstonspa.gov/home/events/15956,https://www.ballstonspa.gov/sites/g/files/vyhlif6186/f/events/bd._mtg._08.25.25.pdf
Village of Ballston Spa Board of Trustees Meeting,"September 8, 2025 - 7:00pm",https://www.ballstonspa.gov/home/events/15956,https://www.ballstonspa.gov/sites/g/files/vyhlif6186/f/events/agenda_09.08.25_fsr.pdf
Village of Ballston Spa Board of Trustees Meeting,"September 8, 2025 - 7:00pm",https://www.ballstonspa.gov/home/events/15956,https://www.ballstonspa.gov/sites/g/files/vyhlif6186/f/events/09.08.25_att_0.pdf
Village of Ballston Spa Special Trustees Meeting,"August 27, 2025 - 6:30pm",https://www.ballstonspa.gov/home/events/18336,https://www.ballstonspa.gov/sites/g/files/vyhlif6186/f/events/zoning_code_8.26.25_easier_to_read.pdf
Location Change : Zoning Board of Appeals Meeting,"August 27, 2025 - 6:00pm",https://www.ballstonspa.gov/home/events/18296,https://www.ballstonspa.gov/sites/g/files/vyhlif6186/f/events/8.27.25_zba_agenda.pdf
Location Change : Zoning Board of Appeals Meeting,"August 27, 2025 - 6:00pm",https://www.ballstonspa.gov/home/events/18296,https://www.ballstonspa.gov/sites/g/files/vyhlif6186/f/events/7.30.25_zba_minutes_-_draft.pdf
Location Change : Zoning Board of Appeals Meeting,"August 27, 2025 - 6:00pm",https://www.ballstonspa.gov/home/events/18296,https://www.ballstonspa.gov/sites/g/files/vyhlif6186/f/events/info_packet_washington_st_216.32-1-96.1_row_houses_tacy.pdf
Location Change : Zoning Board of Appeals Meeting,"August 27, 2025 - 6:00pm",https://www.ballstonspa.gov/home/events/18296,https://www.ballstonspa.gov/sites/g/files/vyhlif6186/f/events/info_packet_washington_st_216.32-2-2_single_family_homes_tacy.pdf
Location Change : Zoning Board of Appeals Meeting,"August 27, 2025 - 6:00pm",https://www.ballstonspa.gov/home/events/18296,https://www.ballstonspa.gov/sites/g/files/vyhlif6186/f/events/info_packet_galway_st_storage_units_tacy.pdf
Village of Ballston Spa Board of Trustees Meeting,"August 25, 2025 - 7:00pm",https://www.ballstonspa.gov/home/events/18411,https://www.ballstonspa.gov/sites/g/files/vyhlif6186/f/events/bd._mtg._08.11.25.pdf
Village of Ballston Spa Board of Trustees Meeting,"August 25, 2025 - 7:00pm",https://www.ballstonspa.gov/home/events/18411,https://www.ballstonspa.gov/sites/g/files/vyhlif6186/f/events/agenda_08.25.25_fsr.pdf
Village of Ballston Spa Board of Trustees Meeting,"August 25, 2025 - 7:00pm",https://www.ballstonspa.gov/home/events/18411,https://www.ballstonspa.gov/sites/g/files/vyhlif6186/f/events/08.25.25_att_with_resolution.pdf
Historic District Commission Meeting,"August 21, 2025 - 7:00pm",https://www.ballstonspa.gov/home/events/18261,https://www.ballstonspa.gov/sites/g/files/vyhlif6186/f/events/historic_district_commision_aug_21_2025_agenda.pdf
Park and Tree Meeting,"August 19, 2025 - 7:00pm",https://www.ballstonspa.gov/home/events/18321,https://www.ballstonspa.gov/sites/g/files/vyhlif6186/f/events/park_and_tree_agenda_8.19.25.pdf
Village of Ballston Spa Board of Trustees Meeting,"August 11, 2025 - 7:00pm",https://www.ballstonspa.gov/home/events/15951,https://www.ballstonspa.gov/sites/g/files/vyhlif6186/f/events/bd._mtg._min._07.28.25.pdf
Village of Ballston Spa Board of Trustees Meeting,"August 11, 2025 - 7:00pm",https://www.ballstonspa.gov/home/events/15951,https://www.ballstonspa.gov/sites/g/files/vyhlif6186/f/events/agenda_08.11.25_fsr.pdf
Village of Ballston Spa Board of Trustees Meeting,"August 11, 2025 - 7:00pm",https://www.ballstonspa.gov/home/events/15951,https://www.ballstonspa.gov/sites/g/files/vyhlif6186/f/events/special_mtg-zoning_workshop_07.21.25.pdf
Village of Ballston Spa Board of Trustees Meeting,"August 11, 2025 - 7:00pm",https://www.ballstonspa.gov/home/events/15951,https://www.ballstonspa.gov/sites/g/files/vyhlif6186/f/events/08.11.25_att.pdf
Village of Ballston Spa Board of Trustees Meeting,"July 28, 2025 - 7:00pm",https://www.ballstonspa.gov/home/events/18181,https://www.ballstonspa.gov/sites/g/files/vyhlif6186/f/events/att_7-28-2025.pdf
Village of Ballston Spa Board of Trustees Meeting,"July 28, 2025 - 7:00pm",https://www.ballstonspa.gov/home/events/18181,https://www.ballstonspa.gov/sites/g/files/vyhlif6186/f/events/agenda_07.28.25_fsr.pdf
Village of Ballston Spa Board of Trustees Meeting,"July 28, 2025 - 7:00pm",https://www.ballstonspa.gov/home/events/18181,https://www.ballstonspa.gov/sites/g/files/vyhlif6186/f/events/bd._mtg._07.16.25.pdf
Special Board of Trustees Meeting,"July 21, 2025 - 7:00pm",https://www.ballstonspa.gov/home/events/18091,https://www.ballstonspa.gov/sites/g/files/vyhlif6186/f/events/special_agenda_07.21.25_fsr.pdf
POSTPONED - Village of Ballston Spa Board of Trustees Meeting,"July 16, 2025 - 7:00pm",https://www.ballstonspa.gov/home/events/15946,https://www.ballstonspa.gov/sites/g/files/vyhlif6186/f/events/bd._mtg._06.23.25.pdf
POSTPONED - Village of Ballston Spa Board of Trustees Meeting,"July 16, 2025 - 7:00pm",https://www.ballstonspa.gov/home/events/15946,https://www.ballstonspa.gov/sites/g/files/vyhlif6186/f/events/agenda_07.16.25_fsr_0.pdf
POSTPONED - Village of Ballston Spa Board of Trustees Meeting,"July 16, 2025 - 7:00pm",https://www.ballstonspa.gov/home/events/15946,https://www.ballstonspa.gov/sites/g/files/vyhlif6186/f/events/07.16.25_att_0.pdf
Historic District Commission Meeting,"July 10, 2025 - 7:00pm",https://www.ballstonspa.gov/home/events/17966,https://www.ballstonspa.gov/sites/g/files/vyhlif6186/f/events/hdc_7.10.25_meeting_agenda_.pdf
Planning Board Meeting,"July 9, 2025 - 6:00pm",https://www.ballstonspa.gov/home/events/17941,https://www.ballstonspa.gov/sites/g/files/vyhlif6186/f/events/boyea_carriage_5-17-25_final-a4.pdf
Planning Board Meeting,"July 9, 2025 - 6:00pm",https://www.ballstonspa.gov/home/events/17941,https://www.ballstonspa.gov/sites/g/files/vyhlif6186/f/events/boyea_carriage_5-17-25_final-a3.pdf
Planning Board Meeting,"July 9, 2025 - 6:00pm",https://www.ballstonspa.gov/home/events/17941,https://www.ballstonspa.gov/sites/g/files/vyhlif6186/f/events/boyea_carriage_5-17-25_final-a2.pdf
Planning Board Meeting,"July 9, 2025 - 6:00pm",https://www.ballstonspa.gov/home/events/17941,https://www.ballstonspa.gov/sites/g/files/vyhlif6186/f/events/boyea_carriage_5-17-25_final-a1.pdf
Planning Board Meeting,"July 9, 2025 - 6:00pm",https://www.ballstonspa.gov/home/events/17941,https://www.ballstonspa.gov/sites/g/files/vyhlif6186/f/events/7.9.25_meeting_agenda.pdf
Village of Ballston Spa Board of Trustees Meeting,"June 23, 2025 - 7:00pm",https://www.ballstonspa.gov/home/events/17861,https://www.ballstonspa.gov/sites/g/files/vyhlif6186/f/events/bd._mtg._06.09.25.pdf
Village of Ballston Spa Board of Trustees Meeting,"June 23, 2025 - 7:00pm",https://www.ballstonspa.gov/home/events/17861,https://www.ballstonspa.gov/sites/g/files/vyhlif6186/f/events/agenda_06.23.25_fsr_0.pdf
Village of Ballston Spa Board of Trustees Meeting,"June 23, 2025 - 7:00pm",https://www.ballstonspa.gov/home/events/17861,https://www.ballstonspa.gov/sites/g/files/vyhlif6186/f/events/06.23.25_att_0.pdf
Committee on the Arts Meeting,"June 18, 2025 - 7:00pm",https://www.ballstonspa.gov/home/events/17446,https://www.ballstonspa.gov/sites/g/files/vyhlif6186/f/events/coa_06.18.2025_agenda.pdf
Library Board of Trustees Meeting,"June 17, 2025 - 7:00pm",https://www.ballstonspa.gov/home/events/17676,https://www.ballstonspa.gov/sites/g/files/vyhlif6186/f/events/bspl_staff_agenda_june_12.pdf
Village of Ballston Spa Park and Tree Board,"June 17, 2025 - 7:00pm",https://www.ballstonspa.gov/home/events/16706,https://www.ballstonspa.gov/sites/g/files/vyhlif6186/f/events/park_and_tree_agenda_6.17.25.pdf
BOA Committee Meeting,"June 12, 2025 - 7:00pm",https://www.ballstonspa.gov/home/events/17631,https://www.ballstonspa.gov/sites/g/files/vyhlif6186/f/events/agenda_-_committee_meeting_4.pdf
Joint Zoning Board and Planning Board Meeting,"June 11, 2025 - 6:00pm",https://www.ballstonspa.gov/home/events/17341,https://www.ballstonspa.gov/sites/g/files/vyhlif6186/f/events/owner_authorization.pdf
Joint Zoning Board and Planning Board Meeting,"June 11, 2025 - 6:00pm",https://www.ballstonspa.gov/home/events/17341,https://www.ballstonspa.gov/sites/g/files/vyhlif6186/f/events/letter_of_inent_to_zba_pb_5.1.25_9850068.pdf
Joint Zoning Board and Planning Board Meeting,"June 11, 2025 - 6:00pm",https://www.ballstonspa.gov/home/events/17341,https://www.ballstonspa.gov/sites/g/files/vyhlif6186/f/events/feaf_2025-05-01.pdf
Joint Zoning Board and Planning Board Meeting,"June 11, 2025 - 6:00pm",https://www.ballstonspa.gov/home/events/17341,https://www.ballstonspa.gov/sites/g/files/vyhlif6186/f/events/environmental_easement.pdf
Joint Zoning Board and Planning Board Meeting,"June 11, 2025 - 6:00pm",https://www.ballstonspa.gov/home/events/17341,https://www.ballstonspa.gov/sites/g/files/vyhlif6186/f/events/coc.pdf
Joint Zoning Board and Planning Board Meeting,"June 11, 2025 - 6:00pm",https://www.ballstonspa.gov/home/events/17341,https://www.ballstonspa.gov/sites/g/files/vyhlif6186/f/events/bath_street_view.pdf
Joint Zoning Board and Planning Board Meeting,"June 11, 2025 - 6:00pm",https://www.ballstonspa.gov/home/events/17341,https://www.ballstonspa.gov/sites/g/files/vyhlif6186/f/events/architectural-plans-v2.pdf
Joint Zoning Board and Planning Board Meeting,"June 11, 2025 - 6:00pm",https://www.ballstonspa.gov/home/events/17341,https://www.ballstonspa.gov/sites/g/files/vyhlif6186/f/events/2023024-_engineering_report-_tannery_commons.pdf
Joint Zoning Board and Planning Board Meeting,"June 11, 2025 - 6:00pm",https://www.ballstonspa.gov/home/events/17341,https://www.ballstonspa.gov/sites/g/files/vyhlif6186/f/events/2023024_swppp.pdf
Joint Zoning Board and Planning Board Meeting,"June 11, 2025 - 6:00pm",https://www.ballstonspa.gov/home/events/17341,https://www.ballstonspa.gov/sites/g/files/vyhlif6186/f/events/2025.5.2_ballston_spa_tannery_plan_set.pdf
Joint Zoning Board and Planning Board Meeting,"June 11, 2025 - 6:00pm",https://www.ballstonspa.gov/home/events/17341,https://www.ballstonspa.gov/sites/g/files/vyhlif6186/f/events/2025-05-02-site_plan_application_-_transmittal.pdf
Joint Zoning Board and Planning Board Meeting,"June 11, 2025 - 6:00pm",https://www.ballstonspa.gov/home/events/17341,https://www.ballstonspa.gov/sites/g/files/vyhlif6186/f/events/2025-05-02_sp-appv2-signed.pdf
Joint Zoning Board and Planning Board Meeting,"June 11, 2025 - 6:00pm",https://www.ballstonspa.gov/home/events/17341,https://www.ballstonspa.gov/sites/g/files/vyhlif6186/f/events/2025-04-11t14-12-08_24pr10894_effect_finding_no_impact.pdf
Joint Zoning Board and Planning Board Meeting,"June 11, 2025 - 6:00pm",https://www.ballstonspa.gov/home/events/17341,https://www.ballstonspa.gov/sites/g/files/vyhlif6186/f/events/170_traffic_study_2025-1-27.pdf
Joint Zoning Board and Planning Board Meeting,"June 11, 2025 - 6:00pm",https://www.ballstonspa.gov/home/events/17341,https://www.ballstonspa.gov/sites/g/files/vyhlif6186/f/events/170_habitat_assessment_report.pdf
Joint Zoning Board and Planning Board Meeting,"June 11, 2025 - 6:00pm",https://www.ballstonspa.gov/home/events/17341,https://www.ballstonspa.gov/sites/g/files/vyhlif6186/f/events/170_env_summary_ltr_1.16.2025.pdf
Joint Zoning Board and Planning Board Meeting,"June 11, 2025 - 6:00pm",https://www.ballstonspa.gov/home/events/17341,https://www.ballstonspa.gov/sites/g/files/vyhlif6186/f/events/170_eaf_support_letter_2025.3.5.pdf
Joint Zoning Board and Planning Board Meeting,"June 11, 2025 - 6:00pm",https://www.ballstonspa.gov/home/events/17341,https://www.ballstonspa.gov/sites/g/files/vyhlif6186/f/events/zba_application_-_signed_0.pdf
Joint Zoning Board and Planning Board Meeting,"June 11, 2025 - 6:00pm",https://www.ballstonspa.gov/home/events/17341,https://www.ballstonspa.gov/sites/g/files/vyhlif6186/f/events/owner_authorization_1.pdf
Joint Zoning Board and Planning Board Meeting,"June 11, 2025 - 6:00pm",https://www.ballstonspa.gov/home/events/17341,https://www.ballstonspa.gov/sites/g/files/vyhlif6186/f/events/letter_of_inent_to_zba_pb_5.1.25_9850068_1.pdf
Joint Zoning Board and Planning Board Meeting,"June 11, 2025 - 6:00pm",https://www.ballstonspa.gov/home/events/17341,https://www.ballstonspa.gov/sites/g/files/vyhlif6186/f/events/feaf_2025-05-01_1.pdf
Joint Zoning Board and Planning Board Meeting,"June 11, 2025 - 6:00pm",https://www.ballstonspa.gov/home/events/17341,https://www.ballstonspa.gov/sites/g/files/vyhlif6186/f/events/2025-05-01-zba_application.docx_0.pdf
Joint Zoning Board and Planning Board Meeting,"June 11, 2025 - 6:00pm",https://www.ballstonspa.gov/home/events/17341,https://www.ballstonspa.gov/sites/g/files/vyhlif6186/f/events/2025-04-11t14-12-08_24pr10894_effect_finding_no_impact_1.pdf
Joint Zoning Board and Planning Board Meeting,"June 11, 2025 - 6:00pm",https://www.ballstonspa.gov/home/events/17341,https://www.ballstonspa.gov/sites/g/files/vyhlif6186/f/events/2024_l-2.0_zoning_layoutv3_0.pdf
Joint Zoning Board and Planning Board Meeting,"June 11, 2025 - 6:00pm",https://www.ballstonspa.gov/home/events/17341,https://www.ballstonspa.gov/sites/g/files/vyhlif6186/f/events/170_traffic_study_2025-1-27_1.pdf
Joint Zoning Board and Planning Board Meeting,"June 11, 2025 - 6:00pm",https://www.ballstonspa.gov/home/events/17341,https://www.ballstonspa.gov/sites/g/files/vyhlif6186/f/events/170_habitat_assessment_report_1.pdf
Joint Zoning Board and Planning Board Meeting,"June 11, 2025 - 6:00pm",https://www.ballstonspa.gov/home/events/17341,https://www.ballstonspa.gov/sites/g/files/vyhlif6186/f/events/170_env_summary_ltr_1.16.2025_1.pdf
Joint Zoning Board and Planning Board Meeting,"June 11, 2025 - 6:00pm",https://www.ballstonspa.gov/home/events/17341,https://www.ballstonspa.gov/sites/g/files/vyhlif6186/f/events/170_eaf_support_letter_2025.3.5_1.pdf
Joint Zoning Board and Planning Board Meeting,"June 11, 2025 - 6:00pm",https://www.ballstonspa.gov/home/events/17341,https://www.ballstonspa.gov/sites/g/files/vyhlif6186/f/events/6.11.25_zba_._pb_agenda.pdf
Joint Zoning Board and Planning Board Meeting,"June 11, 2025 - 6:00pm",https://www.ballstonspa.gov/home/events/17341,https://www.ballstonspa.gov/sites/g/files/vyhlif6186/f/events/planning_board_minutes_1.8.25_-_draft.pdf
Joint Zoning Board and Planning Board Meeting,"June 11, 2025 - 6:00pm",https://www.ballstonspa.gov/home/events/17341,https://www.ballstonspa.gov/sites/g/files/vyhlif6186/f/events/l_-_village_of_ballston_spa_-_tannery_commons_review_-_2025.06.10.pdf
Joint Zoning Board and Planning Board Meeting,"June 11, 2025 - 6:00pm",https://www.ballstonspa.gov/home/events/17341,https://www.ballstonspa.gov/sites/g/files/vyhlif6186/f/events/planning_board_minutes_2.12.25_-_draft.pdf
Village of Ballston Spa Board of Trustees Meeting,"June 9, 2025 - 7:00pm",https://www.ballstonspa.gov/home/events/15941,https://www.ballstonspa.gov/sites/g/files/vyhlif6186/f/events/06.09.25_att.pdf
Village of Ballston Spa Board of Trustees Meeting,"June 9, 2025 - 7:00pm",https://www.ballstonspa.gov/home/events/15941,https://www.ballstonspa.gov/sites/g/files/vyhlif6186/f/events/agenda_06.09.25_fsr.pdf
Village of Ballston Spa Board of Trustees Meeting,"June 9, 2025 - 7:00pm",https://www.ballstonspa.gov/home/events/15941,https://www.ballstonspa.gov/sites/g/files/vyhlif6186/f/events/bd._mtg._05.27.25_0.pdf
Historic District Commission Meeting,"June 5, 2025 - 7:00pm",https://www.ballstonspa.gov/home/events/17411,https://www.ballstonspa.gov/sites/g/files/vyhlif6186/f/events/hdc_6.5.25_meeting_agenda_.pdf
Committee on the Arts Meeting,"May 28, 2025 - 7:00pm",https://www.ballstonspa.gov/home/events/17331,https://www.ballstonspa.gov/sites/g/files/vyhlif6186/f/events/coa_05.28.2025_agenda.pdf
Village of Ballston Spa Board of Trustees Meeting,"May 27, 2025 - 7:00pm",https://www.ballstonspa.gov/home/events/16386,https://www.ballstonspa.gov/sites/g/files/vyhlif6186/f/events/bd._mtg._09.08.25.pdf
Village of Ballston Spa Board of Trustees Meeting,"May 27, 2025 - 7:00pm",https://www.ballstonspa.gov/home/events/16386,https://www.ballstonspa.gov/sites/g/files/vyhlif6186/f/events/9-22-25_attachments.pdf
Village of Ballston Spa Board of Trustees Meeting,"May 27, 2025 - 7:00pm",https://www.ballstonspa.gov/home/events/16386,https://www.ballstonspa.gov/sites/g/files/vyhlif6186/f/events/agenda_09.22.25_fsr.pdf
Village of Ballston Spa Board of Trustees Meeting,"May 27, 2025 - 7:00pm",https://www.ballstonspa.gov/home/events/19716,https://www.ballstonspa.gov/sites/g/files/vyhlif6186/f/events/bd._mtg._10.14.25.pdf
Village of Ballston Spa Board of Trustees Meeting,"May 27, 2025 - 7:00pm",https://www.ballstonspa.gov/home/events/19716,https://www.ballstonspa.gov/sites/g/files/vyhlif6186/f/events/agenda_10.27.25_fsr.pdf
Village of Ballston Spa Board of Trustees Meeting,"May 27, 2025 - 7:00pm",https://www.ballstonspa.gov/home/events/19716,https://www.ballstonspa.gov/sites/g/files/vyhlif6186/f/events/10.27.25_att_fixed.pdf
Village of Ballston Spa Board of Trustees Meeting,"May 27, 2025 - 7:00pm",https://www.ballstonspa.gov/home/events/19221,https://www.ballstonspa.gov/sites/g/files/vyhlif6186/f/events/bd._mtg._10.14.25.pdf
Village of Ballston Spa Board of Trustees Meeting,"May 27, 2025 - 7:00pm",https://www.ballstonspa.gov/home/events/19221,https://www.ballstonspa.gov/sites/g/files/vyhlif6186/f/events/agenda_10.27.25_fsr.pdf
Village of Ballston Spa Board of Trustees Meeting,"May 27, 2025 - 7:00pm",https://www.ballstonspa.gov/home/events/19221,https://www.ballstonspa.gov/sites/g/files/vyhlif6186/f/events/10.27.25_att_fixed.pdf
Village of Ballston Spa Board of Trustees Meeting,"May 27, 2025 - 7:00pm",https://www.ballstonspa.gov/home/events/19766,https://www.ballstonspa.gov/sites/g/files/vyhlif6186/f/events/bd._mtg._10.14.25.pdf
Village of Ballston Spa Board of Trustees Meeting,"May 27, 2025 - 7:00pm",https://www.ballstonspa.gov/home/events/19766,https://www.ballstonspa.gov/sites/g/files/vyhlif6186/f/events/agenda_10.27.25_fsr.pdf
Village of Ballston Spa Board of Trustees Meeting,"May 27, 2025 - 7:00pm",https://www.ballstonspa.gov/home/events/19766,https://www.ballstonspa.gov/sites/g/files/vyhlif6186/f/events/10.27.25_att_fixed.pdf
Village of Ballston Spa Board of Trustees Meeting,"May 27, 2025 - 7:00pm",https://www.ballstonspa.gov/home/events/17736,https://www.ballstonspa.gov/sites/g/files/vyhlif6186/f/events/bd._mtg._06.09.25.pdf
Village of Ballston Spa Board of Trustees Meeting,"May 27, 2025 - 7:00pm",https://www.ballstonspa.gov/home/events/17736,https://www.ballstonspa.gov/sites/g/files/vyhlif6186/f/events/06.23.25_att.pdf
Village of Ballston Spa Board of Trustees Meeting,"May 27, 2025 - 7:00pm",https://www.ballstonspa.gov/home/events/17736,https://www.ballstonspa.gov/sites/g/files/vyhlif6186/f/events/agenda_06.23.25_fsr_0.pdf
Village of Ballston Spa Board of Trustees Meeting,"May 27, 2025 - 7:00pm",https://www.ballstonspa.gov/home/events/18791,https://www.ballstonspa.gov/sites/g/files/vyhlif6186/f/events/bd._mtg._09.08.25.pdf
Village of Ballston Spa Board of Trustees Meeting,"May 27, 2025 - 7:00pm",https://www.ballstonspa.gov/home/events/18791,https://www.ballstonspa.gov/sites/g/files/vyhlif6186/f/events/9-22-25_attachments.pdf
Village of Ballston Spa Board of Trustees Meeting,"May 27, 2025 - 7:00pm",https://www.ballstonspa.gov/home/events/18791,https://www.ballstonspa.gov/sites/g/files/vyhlif6186/f/events/agenda_09.22.25_fsr_with_abstract_numbers.pdf
Village of Ballston Spa Board of Trustees Meeting,"May 27, 2025 - 7:00pm",https://www.ballstonspa.gov/home/events/18791,https://www.ballstonspa.gov/sites/g/files/vyhlif6186/f/events/9.22.25_abstract_2_line_1.pdf
Village of Ballston Spa Board of Trustees Meeting,"May 27, 2025 - 7:00pm",https://www.ballstonspa.gov/home/events/19826,https://www.ballstonspa.gov/sites/g/files/vyhlif6186/f/events/bd._mtg._10.14.25.pdf
Village of Ballston Spa Board of Trustees Meeting,"May 27, 2025 - 7:00pm",https://www.ballstonspa.gov/home/events/19826,https://www.ballstonspa.gov/sites/g/files/vyhlif6186/f/events/agenda_10.27.25_fsr.pdf
Village of Ballston Spa Board of Trustees Meeting,"May 27, 2025 - 7:00pm",https://www.ballstonspa.gov/home/events/19826,https://www.ballstonspa.gov/sites/g/files/vyhlif6186/f/events/10.27.25_att_fixed.pdf
Village of Ballston Spa Board of Trustees Meeting,"May 27, 2025 - 7:00pm",https://www.ballstonspa.gov/home/events/19831,https://www.ballstonspa.gov/sites/g/files/vyhlif6186/f/events/11.24.25_att.pdf
Village of Ballston Spa Board of Trustees Meeting,"May 27, 2025 - 7:00pm",https://www.ballstonspa.gov/home/events/19831,https://www.ballstonspa.gov/sites/g/files/vyhlif6186/f/events/bd._mtg._11.10.25.pdf
Village of Ballston Spa Board of Trustees Meeting,"May 27, 2025 - 7:00pm",https://www.ballstonspa.gov/home/events/19831,https://www.ballstonspa.gov/sites/g/files/vyhlif6186/f/events/agenda_11.24.25_fsr.pdf
Village of Ballston Spa Board of Trustees Meeting,"May 27, 2025 - 7:00pm",https://www.ballstonspa.gov/home/events/17796,https://www.ballstonspa.gov/sites/g/files/vyhlif6186/f/events/bd._mtg._06.09.25.pdf
Village of Ballston Spa Board of Trustees Meeting,"May 27, 2025 - 7:00pm",https://www.ballstonspa.gov/home/events/17796,https://www.ballstonspa.gov/sites/g/files/vyhlif6186/f/events/agenda_06.23.25_fsr_0.pdf
Village of Ballston Spa Board of Trustees Meeting,"May 27, 2025 - 7:00pm",https://www.ballstonspa.gov/home/events/17796,https://www.ballstonspa.gov/sites/g/files/vyhlif6186/f/events/06.23.25_att_0.pdf
Village of Ballston Spa Board of Trustees Meeting,"May 27, 2025 - 7:00pm",https://www.ballstonspa.gov/home/events/18346,https://www.ballstonspa.gov/sites/g/files/vyhlif6186/f/events/bd._mtg._08.11.25.pdf
Village of Ballston Spa Board of Trustees Meeting,"May 27, 2025 - 7:00pm",https://www.ballstonspa.gov/home/events/18346,https://www.ballstonspa.gov/sites/g/files/vyhlif6186/f/events/agenda_08.25.25_fsr.pdf
Village of Ballston Spa Board of Trustees Meeting,"May 27, 2025 - 7:00pm",https://www.ballstonspa.gov/home/events/18346,https://www.ballstonspa.gov/sites/g/files/vyhlif6186/f/events/08.25.25_att_with_resolution.pdf
Village of Ballston Spa Board of Trustees Meeting,"May 27, 2025 - 7:00pm",https://www.ballstonspa.gov/home/events/18611,https://www.ballstonspa.gov/sites/g/files/vyhlif6186/f/events/bd._mtg._09.08.25.pdf
Village of Ballston Spa Board of Trustees Meeting,"May 27, 2025 - 7:00pm",https://www.ballstonspa.gov/home/events/18611,https://www.ballstonspa.gov/sites/g/files/vyhlif6186/f/events/9-22-25_attachments.pdf
Village of Ballston Spa Board of Trustees Meeting,"May 27, 2025 - 7:00pm",https://www.ballstonspa.gov/home/events/18611,https://www.ballstonspa.gov/sites/g/files/vyhlif6186/f/events/9.22.25_abstract_2_line.pdf
Village of Ballston Spa Board of Trustees Meeting,"May 27, 2025 - 7:00pm",https://www.ballstonspa.gov/home/events/19646,https://www.ballstonspa.gov/sites/g/files/vyhlif6186/f/events/bd._mtg._10.14.25.pdf
Village of Ballston Spa Board of Trustees Meeting,"May 27, 2025 - 7:00pm",https://www.ballstonspa.gov/home/events/19646,https://www.ballstonspa.gov/sites/g/files/vyhlif6186/f/events/agenda_10.27.25_fsr.pdf
Village of Ballston Spa Board of Trustees Meeting,"May 27, 2025 - 7:00pm",https://www.ballstonspa.gov/home/events/19646,https://www.ballstonspa.gov/sites/g/files/vyhlif6186/f/events/10.27.25_att_fixed.pdf
Village of Ballston Spa Board of Trustees Meeting,"May 27, 2025 - 7:00pm",https://www.ballstonspa.gov/home/events/18116,https://www.ballstonspa.gov/sites/g/files/vyhlif6186/f/events/att_7-28-2025.pdf
Village of Ballston Spa Board of Trustees Meeting,"May 27, 2025 - 7:00pm",https://www.ballstonspa.gov/home/events/18116,https://www.ballstonspa.gov/sites/g/files/vyhlif6186/f/events/agenda_07.28.25_fsr.pdf
Village of Ballston Spa Board of Trustees Meeting,"May 27, 2025 - 7:00pm",https://www.ballstonspa.gov/home/events/18116,https://www.ballstonspa.gov/sites/g/files/vyhlif6186/f/events/bd._mtg._07.16.25.pdf
Village of Ballston Spa Board of Trustees Meeting,"May 27, 2025 - 7:00pm",https://www.ballstonspa.gov/home/events/18121,https://www.ballstonspa.gov/sites/g/files/vyhlif6186/f/events/08.25.25_att.pdf
Village of Ballston Spa Board of Trustees Meeting,"May 27, 2025 - 7:00pm",https://www.ballstonspa.gov/home/events/18121,https://www.ballstonspa.gov/sites/g/files/vyhlif6186/f/events/bd._mtg._08.11.25.pdf
Village of Ballston Spa Board of Trustees Meeting,"May 27, 2025 - 7:00pm",https://www.ballstonspa.gov/home/events/18121,https://www.ballstonspa.gov/sites/g/files/vyhlif6186/f/events/agenda_08.25.25_fsr.pdf
Village of Ballston Spa Board of Trustees Meeting,"May 27, 2025 - 7:00pm",https://www.ballstonspa.gov/home/events/16366,https://www.ballstonspa.gov/sites/g/files/vyhlif6186/f/events/5-27-2025_att.pdf
Village of Ballston Spa Board of Trustees Meeting,"May 27, 2025 - 7:00pm",https://www.ballstonspa.gov/home/events/16366,https://www.ballstonspa.gov/sites/g/files/vyhlif6186/f/events/emergency_mtg._05.15.25.pdf
Village of Ballston Spa Board of Trustees Meeting,"May 27, 2025 - 7:00pm",https://www.ballstonspa.gov/home/events/16366,https://www.ballstonspa.gov/sites/g/files/vyhlif6186/f/events/bd._mtg._05.12.25_-_copy.pdf
Village of Ballston Spa Board of Trustees Meeting,"May 27, 2025 - 7:00pm",https://www.ballstonspa.gov/home/events/16366,https://www.ballstonspa.gov/sites/g/files/vyhlif6186/f/events/agenda_05.27.25_fsr.pdf
Village of Ballston Spa Board of Trustees Meeting,"May 27, 2025 - 7:00pm",https://www.ballstonspa.gov/home/events/16366,https://www.ballstonspa.gov/sites/g/files/vyhlif6186/f/events/milton_contract_recreation_activities_2025.pdf
Village of Ballston Spa Board of Trustees Meeting,"May 27, 2025 - 7:00pm",https://www.ballstonspa.gov/home/events/16366,https://www.ballstonspa.gov/sites/g/files/vyhlif6186/f/events/milton_library_contract_2025.pdf
Village of Ballston Spa Board of Trustees Meeting,"May 27, 2025 - 7:00pm",https://www.ballstonspa.gov/home/events/16366,https://www.ballstonspa.gov/sites/g/files/vyhlif6186/f/events/milton_pool_contract_2025.pdf
Village of Ballston Spa Board of Trustees Meeting,"May 27, 2025 - 7:00pm",https://www.ballstonspa.gov/home/events/16366,https://www.ballstonspa.gov/sites/g/files/vyhlif6186/f/events/saratoga_sod_20250527_152102.pdf
Village of Ballston Spa Board of Trustees Meeting,"May 27, 2025 - 7:00pm",https://www.ballstonspa.gov/home/events/16371,https://www.ballstonspa.gov/sites/g/files/vyhlif6186/f/events/bd._mtg._06.09.25.pdf
Village of Ballston Spa Board of Trustees Meeting,"May 27, 2025 - 7:00pm",https://www.ballstonspa.gov/home/events/16371,https://www.ballstonspa.gov/sites/g/files/vyhlif6186/f/events/agenda_06.23.25_fsr.pdf
Village of Ballston Spa Board of Trustees Meeting,"May 27, 2025 - 7:00pm",https://www.ballstonspa.gov/home/events/16371,https://www.ballstonspa.gov/sites/g/files/vyhlif6186/f/events/06.23.25_att.pdf
Village of Ballston Spa Board of Trustees Meeting,"May 27, 2025 - 7:00pm",https://www.ballstonspa.gov/home/events/18676,https://www.ballstonspa.gov/sites/g/files/vyhlif6186/f/events/bd._mtg._09.08.25.pdf
Village of Ballston Spa Board of Trustees Meeting,"May 27, 2025 - 7:00pm",https://www.ballstonspa.gov/home/events/18676,https://www.ballstonspa.gov/sites/g/files/vyhlif6186/f/events/9-22-25_attachments.pdf
Village of Ballston Spa Board of Trustees Meeting,"May 27, 2025 - 7:00pm",https://www.ballstonspa.gov/home/events/18676,https://www.ballstonspa.gov/sites/g/files/vyhlif6186/f/events/agenda_09.22.25_fsr_with_abstract_numbers.pdf
Village of Ballston Spa Board of Trustees Meeting,"May 27, 2025 - 7:00pm",https://www.ballstonspa.gov/home/events/16376,https://www.ballstonspa.gov/sites/g/files/vyhlif6186/f/events/att_7-28-2025.pdf
Village of Ballston Spa Board of Trustees Meeting,"May 27, 2025 - 7:00pm",https://www.ballstonspa.gov/home/events/16376,https://www.ballstonspa.gov/sites/g/files/vyhlif6186/f/events/bd._mtg._07.28.25.pdf
Village of Ballston Spa Board of Trustees Meeting,"May 27, 2025 - 7:00pm",https://www.ballstonspa.gov/home/events/16376,https://www.ballstonspa.gov/sites/g/files/vyhlif6186/f/events/agenda_07.28.25_fsr.pdf
Village of Ballston Spa Board of Trustees Meeting,"May 27, 2025 - 7:00pm",https://www.ballstonspa.gov/home/events/19706,https://www.ballstonspa.gov/sites/g/files/vyhlif6186/f/events/bd._mtg._10.14.25.pdf
Village of Ballston Spa Board of Trustees Meeting,"May 27, 2025 - 7:00pm",https://www.ballstonspa.gov/home/events/19706,https://www.ballstonspa.gov/sites/g/files/vyhlif6186/f/events/agenda_10.27.25_fsr.pdf
Village of Ballston Spa Board of Trustees Meeting,"May 27, 2025 - 7:00pm",https://www.ballstonspa.gov/home/events/19706,https://www.ballstonspa.gov/sites/g/files/vyhlif6186/f/events/10.27.25_att_fixed.pdf
Village of Ballston Spa Board of Trustees Meeting,"May 27, 2025 - 6:30pm",https://www.ballstonspa.gov/home/events/18996,https://www.ballstonspa.gov/sites/g/files/vyhlif6186/f/events/10.27.25_att.pdf
Village of Ballston Spa Board of Trustees Meeting,"May 27, 2025 - 6:30pm",https://www.ballstonspa.gov/home/events/18996,https://www.ballstonspa.gov/sites/g/files/vyhlif6186/f/events/bd._mtg._10.14.25.pdf
Village of Ballston Spa Board of Trustees Meeting,"May 27, 2025 - 6:30pm",https://www.ballstonspa.gov/home/events/18996,https://www.ballstonspa.gov/sites/g/files/vyhlif6186/f/events/agenda_10.27.25_fsr.pdf
Village of Ballston Spa Board of Trustees Meeting,"May 27, 2025 - 6:30pm",https://www.ballstonspa.gov/home/events/18741,https://www.ballstonspa.gov/sites/g/files/vyhlif6186/f/events/bd._mtg._09.08.25.pdf
Village of Ballston Spa Board of Trustees Meeting,"May 27, 2025 - 6:30pm",https://www.ballstonspa.gov/home/events/18741,https://www.ballstonspa.gov/sites/g/files/vyhlif6186/f/events/9-22-25_attachments.pdf
Village of Ballston Spa Board of Trustees Meeting,"May 27, 2025 - 6:30pm",https://www.ballstonspa.gov/home/events/18741,https://www.ballstonspa.gov/sites/g/files/vyhlif6186/f/events/agenda_09.22.25_fsr_with_abstract_numbers.pdf
Village of Ballston Spa Board of Trustees Meeting,"May 27, 2025 - 6:30pm",https://www.ballstonspa.gov/home/events/19086,https://www.ballstonspa.gov/sites/g/files/vyhlif6186/f/events/10.27.25_att.pdf
Village of Ballston Spa Board of Trustees Meeting,"May 27, 2025 - 6:30pm",https://www.ballstonspa.gov/home/events/19086,https://www.ballstonspa.gov/sites/g/files/vyhlif6186/f/events/bd._mtg._10.14.25.pdf
Village of Ballston Spa Board of Trustees Meeting,"May 27, 2025 - 6:30pm",https://www.ballstonspa.gov/home/events/19086,https://www.ballstonspa.gov/sites/g/files/vyhlif6186/f/events/agenda_10.27.25_fsr.pdf
Village of Ballston Spa Board of Trustees Meeting,"May 27, 2025 - 6:30pm",https://www.ballstonspa.gov/home/events/19151,https://www.ballstonspa.gov/sites/g/files/vyhlif6186/f/events/bd._mtg._10.14.25.pdf
Village of Ballston Spa Board of Trustees Meeting,"May 27, 2025 - 6:30pm",https://www.ballstonspa.gov/home/events/19151,https://www.ballstonspa.gov/sites/g/files/vyhlif6186/f/events/agenda_10.27.25_fsr.pdf
Village of Ballston Spa Board of Trustees Meeting,"May 27, 2025 - 6:30pm",https://www.ballstonspa.gov/home/events/19151,https://www.ballstonspa.gov/sites/g/files/vyhlif6186/f/events/10.27.25_att_fixed.pdf
Village of Ballston Spa Park and Tree Board,"May 20, 2025 - 7:00pm",https://www.ballstonspa.gov/home/events/16701,https://www.ballstonspa.gov/sites/g/files/vyhlif6186/f/events/park_and_tree_agenda_5.20.25.pdf
ZBA Continuation Meeting,"May 15, 2025 - 7:00pm",https://www.ballstonspa.gov/home/events/17271,https://www.ballstonspa.gov/sites/g/files/vyhlif6186/f/events/transmit_revised_plans_for_zba_application_for_info_pkt_1.pdf
ZBA Continuation Meeting,"May 15, 2025 - 7:00pm",https://www.ballstonspa.gov/home/events/17271,https://www.ballstonspa.gov/sites/g/files/vyhlif6186/f/events/30_john_st_info_pkt_4.14.25_2.pdf
ZBA Continuation Meeting,"May 15, 2025 - 7:00pm",https://www.ballstonspa.gov/home/events/17271,https://www.ballstonspa.gov/sites/g/files/vyhlif6186/f/events/5.15.25_zba_agenda_0.pdf
Village of Ballston Spa Board of Trustees Meeting,"May 12, 2025 - 7:00pm",https://www.ballstonspa.gov/home/events/15936,https://www.ballstonspa.gov/sites/g/files/vyhlif6186/f/events/05.12.25_att_2_of_2.pdf
Village of Ballston Spa Board of Trustees Meeting,"May 12, 2025 - 7:00pm",https://www.ballstonspa.gov/home/events/15936,https://www.ballstonspa.gov/sites/g/files/vyhlif6186/f/events/05.12.25_att_1_of_2.pdf
Village of Ballston Spa Board of Trustees Meeting,"May 12, 2025 - 7:00pm",https://www.ballstonspa.gov/home/events/15936,https://www.ballstonspa.gov/sites/g/files/vyhlif6186/f/events/agenda_05.12.25_fsr.pdf
Village of Ballston Spa Board of Trustees Meeting,"May 12, 2025 - 7:00pm",https://www.ballstonspa.gov/home/events/15936,https://www.ballstonspa.gov/sites/g/files/vyhlif6186/f/events/bd._mtg._04.28.25_0.pdf
Historic District Commission Meeting,"May 8, 2025 - 7:00pm",https://www.ballstonspa.gov/home/events/17046,https://www.ballstonspa.gov/sites/g/files/vyhlif6186/f/events/hdc_meeting_agenda_for_5.8.25.pdf
Committee on the Arts Meeting,"May 7, 2025 - 7:00pm",https://www.ballstonspa.gov/home/events/17256,https://www.ballstonspa.gov/sites/g/files/vyhlif6186/f/events/5.7.2025_coa_meeting_agenda.pdf
Zoning Board of Appeals Meeting,"April 30, 2025 - 7:00pm",https://www.ballstonspa.gov/home/events/17151,https://www.ballstonspa.gov/sites/g/files/vyhlif6186/f/events/4.30.25_zba_agenda.pdf
Zoning Board of Appeals Meeting,"April 30, 2025 - 7:00pm",https://www.ballstonspa.gov/home/events/17151,https://www.ballstonspa.gov/sites/g/files/vyhlif6186/f/events/transmit_revised_plans_for_zba_application_for_info_pkt.pdf
Zoning Board of Appeals Meeting,"April 30, 2025 - 7:00pm",https://www.ballstonspa.gov/home/events/17151,https://www.ballstonspa.gov/sites/g/files/vyhlif6186/f/events/30_john_st_info_pkt_4.14.25.pdf
Zoning Board of Appeals Meeting,"April 30, 2025 - 7:00pm",https://www.ballstonspa.gov/home/events/17151,https://www.ballstonspa.gov/sites/g/files/vyhlif6186/f/events/info_packet_32_kent_st_pergola.pdf
Zoning Board of Appeals Meeting,"April 30, 2025 - 7:00pm",https://www.ballstonspa.gov/home/events/17151,https://www.ballstonspa.gov/sites/g/files/vyhlif6186/f/events/3.26.25_zba_minutes_-_draft.pdf
Village of Ballston Spa Board of Trustees Meeting,"April 28, 2025 - 7:00pm",https://www.ballstonspa.gov/home/events/16361,https://www.ballstonspa.gov/sites/g/files/vyhlif6186/f/events/budget_workshop_04.21.25.pdf
Village of Ballston Spa Board of Trustees Meeting,"April 28, 2025 - 7:00pm",https://www.ballstonspa.gov/home/events/16361,https://www.ballstonspa.gov/sites/g/files/vyhlif6186/f/events/04.28.25_att.pdf
Village of Ballston Spa Board of Trustees Meeting,"April 28, 2025 - 7:00pm",https://www.ballstonspa.gov/home/events/16361,https://www.ballstonspa.gov/sites/g/files/vyhlif6186/f/events/board_minutes_4.14.25_revised.pdf
Village of Ballston Spa Board of Trustees Meeting,"April 28, 2025 - 7:00pm",https://www.ballstonspa.gov/home/events/16361,https://www.ballstonspa.gov/sites/g/files/vyhlif6186/f/events/agenda_04.28.25_fsr.pdf
Poetry Performance Reading,"April 26, 2025 - 7:00pm",https://www.ballstonspa.gov/home/events/16846,https://www.ballstonspa.gov/sites/g/files/vyhlif6186/f/events/2025_poetry_month_flier_1.pdf
Village of Ballston Spa Workshop on the Tentative Budget,"April 21, 2025 - 7:00pm",https://www.ballstonspa.gov/board-trustees/events/17106,https://www.ballstonspa.gov/sites/g/files/vyhlif6186/f/events/agenda_04.21.25_fsr.pdf
Village of Ballston Spa Park and Tree Board,"April 15, 2025 - 7:00pm",https://www.ballstonspa.gov/home/events/16696,https://www.ballstonspa.gov/sites/g/files/vyhlif6186/f/events/park_and_tree_agenda_4.15.25.pdf
Poetry Writing Workshop,"April 12, 2025 - 9:30am",https://www.ballstonspa.gov/home/events/16841,https://www.ballstonspa.gov/sites/g/files/vyhlif6186/f/events/2025_poetry_month_flier_0.pdf
BOA Meeting,"April 10, 2025 - 7:00pm",https://www.ballstonspa.gov/home/events/17021,https://www.ballstonspa.gov/sites/g/files/vyhlif6186/f/events/agenda_-_committee_meeting_3.pdf
Poetry Open Mic Night,"April 9, 2025 - 6:00pm",https://www.ballstonspa.gov/home/events/16836,https://www.ballstonspa.gov/sites/g/files/vyhlif6186/f/events/2025_poetry_month_flier.pdf
Board of Ethics Meeting,"April 9, 2025 - 10:00am",https://www.ballstonspa.gov/home/events/17016,https://www.ballstonspa.gov/sites/g/files/vyhlif6186/f/events/agenda-04.09.25.pdf
ReZoning Public Forum Meeting,"April 3, 2025 - 7:00pm",https://www.ballstonspa.gov/home/events/15616,https://www.ballstonspa.gov/sites/g/files/vyhlif6186/f/events/ballston_spa_proposed_zoning_map_03.18.25.2.pdf
ReZoning Public Forum Meeting,"April 3, 2025 - 7:00pm",https://www.ballstonspa.gov/home/events/15616,https://www.ballstonspa.gov/sites/g/files/vyhlif6186/f/events/ballston_spa_zoning_code_draft_03.17.25.pdf
Committee on the Arts Meeting,"April 2, 2025 - 7:00pm",https://www.ballstonspa.gov/home/events/16986,https://www.ballstonspa.gov/sites/g/files/vyhlif6186/f/events/4.2.2025_coa_meeting_agenda.pdf
Historic District Commission Meeting,"April 2, 2025 - 7:00pm",https://www.ballstonspa.gov/home/events/17001,https://www.ballstonspa.gov/sites/g/files/vyhlif6186/f/events/agenda_for_april_2_2025_meeting_7_pm.pdf
Zoning Board of Appeals Meeting,"March 26, 2025 - 7:00pm",https://www.ballstonspa.gov/home/events/16811,https://www.ballstonspa.gov/sites/g/files/vyhlif6186/f/events/3.26.25_zba_agenda.pdf
Zoning Board of Appeals Meeting,"March 26, 2025 - 7:00pm",https://www.ballstonspa.gov/home/events/16811,https://www.ballstonspa.gov/sites/g/files/vyhlif6186/f/events/info_packet_36_chapman_st.pdf
Village of Ballston Spa Board of Trustees Meeting,"March 24, 2025 - 7:00pm",https://www.ballstonspa.gov/home/events/16356,https://www.ballstonspa.gov/sites/g/files/vyhlif6186/f/events/03.24.25_att.pdf
Village of Ballston Spa Board of Trustees Meeting,"March 24, 2025 - 7:00pm",https://www.ballstonspa.gov/home/events/16356,https://www.ballstonspa.gov/sites/g/files/vyhlif6186/f/events/bd._mtg._03.10.25.pdf
Village of Ballston Spa Board of Trustees Meeting,"March 24, 2025 - 7:00pm",https://www.ballstonspa.gov/home/events/16356,https://www.ballstonspa.gov/sites/g/files/vyhlif6186/f/events/agenda_03.24.25.pdf
Village of Ballston Spa Board of Trustees Meeting,"March 24, 2025 - 7:00pm",https://www.ballstonspa.gov/home/events/16356,https://www.ballstonspa.gov/sites/g/files/vyhlif6186/f/events/25_cathedral_octagon_gazebo_details.pdf
Village of Ballston Spa Board of Trustees Meeting,"March 24, 2025 - 7:00pm",https://www.ballstonspa.gov/home/events/16356,https://www.ballstonspa.gov/sites/g/files/vyhlif6186/f/events/25_cathedral_octagon_gazebo_foundation.pdf
Village of Ballston Spa Board of Trustees Meeting,"March 24, 2025 - 7:00pm",https://www.ballstonspa.gov/home/events/16356,https://www.ballstonspa.gov/sites/g/files/vyhlif6186/f/events/full_specs_3.18.2025_0.pdf
Committee on the Arts Meeting,"March 19, 2025 - 7:00pm",https://www.ballstonspa.gov/home/events/16676,https://www.ballstonspa.gov/sites/g/files/vyhlif6186/f/events/3.19.2025_coa_meeting_agenda.pdf
Village of Ballston Spa Park and Tree Board,"March 18, 2025 - 7:00pm",https://www.ballstonspa.gov/home/events/16691,https://www.ballstonspa.gov/sites/g/files/vyhlif6186/f/events/park_and_tree_agenda_3.18.25.pdf
Village of Ballston Spa Board of Trustees Meeting,"March 10, 2025 - 7:00pm",https://www.ballstonspa.gov/home/events/15926,https://www.ballstonspa.gov/sites/g/files/vyhlif6186/f/events/03.10.25_att.pdf
Village of Ballston Spa Board of Trustees Meeting,"March 10, 2025 - 7:00pm",https://www.ballstonspa.gov/home/events/15926,https://www.ballstonspa.gov/sites/g/files/vyhlif6186/f/events/agenda_03.10.25_fsr_0.pdf
Village of Ballston Spa Board of Trustees Meeting,"March 10, 2025 - 7:00pm",https://www.ballstonspa.gov/home/events/15926,https://www.ballstonspa.gov/sites/g/files/vyhlif6186/f/events/bd._mtg._02.24.25.pdf
Village of Ballston Spa Board of Trustees Meeting,"March 10, 2025 - 7:00pm",https://www.ballstonspa.gov/home/events/15926,https://www.ballstonspa.gov/sites/g/files/vyhlif6186/f/events/statement_regarding_payment_to_lumac.trusteebenbaskin.pdf
Committee on the Arts Meeting,"March 5, 2025 - 7:00pm",https://www.ballstonspa.gov/home/events/16671,https://www.ballstonspa.gov/sites/g/files/vyhlif6186/f/events/3.05.2025_coa_meeting_agenda.pdf
Historic District Commission Meeting,"February 27, 2025 - 7:00pm",https://www.ballstonspa.gov/home/events/16656,https://www.ballstonspa.gov/sites/g/files/vyhlif6186/f/events/hdc_meeting_agenda_2.27.25.pdf
Zoning Board of Appeals Meeting,"February 26, 2025 - 7:00pm",https://www.ballstonspa.gov/home/events/16506,https://www.ballstonspa.gov/sites/g/files/vyhlif6186/f/events/appeal_ltr_lewis.pdf
Zoning Board of Appeals Meeting,"February 26, 2025 - 7:00pm",https://www.ballstonspa.gov/home/events/16506,https://www.ballstonspa.gov/sites/g/files/vyhlif6186/f/events/31-33_malta_ave_prelim_proposed_plot_plan_1-22-25_1.pdf
Zoning Board of Appeals Meeting,"February 26, 2025 - 7:00pm",https://www.ballstonspa.gov/home/events/16506,https://www.ballstonspa.gov/sites/g/files/vyhlif6186/f/events/new_info_packet_31-33_malta_ave.pdf
Zoning Board of Appeals Meeting,"February 26, 2025 - 7:00pm",https://www.ballstonspa.gov/home/events/16506,https://www.ballstonspa.gov/sites/g/files/vyhlif6186/f/events/appeal_ltr_stephenson.pdf
Zoning Board of Appeals Meeting,"February 26, 2025 - 7:00pm",https://www.ballstonspa.gov/home/events/16506,https://www.ballstonspa.gov/sites/g/files/vyhlif6186/f/events/amended_appeal_ltr_lewis.pdf
Zoning Board of Appeals Meeting,"February 26, 2025 - 7:00pm",https://www.ballstonspa.gov/home/events/16506,https://www.ballstonspa.gov/sites/g/files/vyhlif6186/f/events/2.26.25_zba_agenda.pdf
Zoning Board of Appeals Meeting,"February 26, 2025 - 7:00pm",https://www.ballstonspa.gov/home/events/16506,https://www.ballstonspa.gov/sites/g/files/vyhlif6186/f/events/lewis_poa.pdf
Zoning Board of Appeals Meeting,"February 26, 2025 - 7:00pm",https://www.ballstonspa.gov/home/events/16506,https://www.ballstonspa.gov/sites/g/files/vyhlif6186/f/events/cover_letter_stephenson.pdf
Zoning Board of Appeals Meeting,"February 26, 2025 - 7:00pm",https://www.ballstonspa.gov/home/events/16506,https://www.ballstonspa.gov/sites/g/files/vyhlif6186/f/events/cover_letter_lewis.pdf
Zoning Board of Appeals Meeting,"February 26, 2025 - 7:00pm",https://www.ballstonspa.gov/home/events/16506,https://www.ballstonspa.gov/sites/g/files/vyhlif6186/f/events/appeal_notice_stephenson.pdf
Zoning Board of Appeals Meeting,"February 26, 2025 - 7:00pm",https://www.ballstonspa.gov/home/events/16506,https://www.ballstonspa.gov/sites/g/files/vyhlif6186/f/events/appeal_notice_lewis.pdf
Zoning Board of Appeals Meeting,"February 26, 2025 - 7:00pm",https://www.ballstonspa.gov/home/events/16506,https://www.ballstonspa.gov/sites/g/files/vyhlif6186/f/events/appeal_application_stephenson_lewis.pdf
Zoning Board of Appeals Meeting,"February 26, 2025 - 7:00pm",https://www.ballstonspa.gov/home/events/16506,https://www.ballstonspa.gov/sites/g/files/vyhlif6186/f/events/updated_info_from_g_stephenson1.22.25.pdf
Zoning Board of Appeals Meeting,"February 26, 2025 - 7:00pm",https://www.ballstonspa.gov/home/events/16506,https://www.ballstonspa.gov/sites/g/files/vyhlif6186/f/events/planning_board_minutes_10.9.24_-_approved.pdf
Village of Ballston Spa Board of Trustees Meeting,"February 24, 2025 - 7:00pm",https://www.ballstonspa.gov/home/events/16351,https://www.ballstonspa.gov/sites/g/files/vyhlif6186/f/events/02.24.25_att.pdf
Village of Ballston Spa Board of Trustees Meeting,"February 24, 2025 - 7:00pm",https://www.ballstonspa.gov/home/events/16351,https://www.ballstonspa.gov/sites/g/files/vyhlif6186/f/events/bd._mtg._02.10.25.pdf
Village of Ballston Spa Board of Trustees Meeting,"February 24, 2025 - 7:00pm",https://www.ballstonspa.gov/home/events/16351,https://www.ballstonspa.gov/sites/g/files/vyhlif6186/f/events/agenda_02.24.25_fsr.pdf
Committee on the Arts Meeting,"February 19, 2025 - 7:00pm",https://www.ballstonspa.gov/home/events/16521,https://www.ballstonspa.gov/sites/g/files/vyhlif6186/f/events/2.19.2025_coa_meeting_agenda.pdf
Park and Tree Meeting,"February 18, 2025 - 7:00pm",https://www.ballstonspa.gov/home/events/16616,https://www.ballstonspa.gov/sites/g/files/vyhlif6186/f/events/park_and_tree_agenda_2.18.25.pdf
Planning Board Meeting,"February 12, 2025 - 7:00pm",https://www.ballstonspa.gov/home/events/16496,https://www.ballstonspa.gov/sites/g/files/vyhlif6186/f/events/2.12.25_meeting_agenda.pdf
Village of Ballston Spa Board of Trustees Meeting,"February 10, 2025 - 7:00pm",https://www.ballstonspa.gov/home/events/15921,https://www.ballstonspa.gov/sites/g/files/vyhlif6186/f/events/02.10.25_att.pdf
Village of Ballston Spa Board of Trustees Meeting,"February 10, 2025 - 7:00pm",https://www.ballstonspa.gov/home/events/15921,https://www.ballstonspa.gov/sites/g/files/vyhlif6186/f/events/agenda_02.10.25_fsr.pdf
Village of Ballston Spa Board of Trustees Meeting,"February 10, 2025 - 7:00pm",https://www.ballstonspa.gov/home/events/15921,https://www.ballstonspa.gov/sites/g/files/vyhlif6186/f/events/bd._mtg._01.27.25.pdf
Historic District Commission Meeting,"February 5, 2025 - 7:00pm",https://www.ballstonspa.gov/home/events/16471,https://www.ballstonspa.gov/sites/g/files/vyhlif6186/f/events/hdc_agenda_2.5.25.pdf
Committee on the Arts Meeting,"February 5, 2025 - 7:00pm",https://www.ballstonspa.gov/home/events/16516,https://www.ballstonspa.gov/sites/g/files/vyhlif6186/f/events/2.5.2025_bscoa_agenda.pdf
Village of Ballston Spa Board of Trustees Meeting,"January 27, 2025 - 7:00pm",https://www.ballstonspa.gov/home/events/16276,https://www.ballstonspa.gov/sites/g/files/vyhlif6186/f/events/01.27.25_att2.pdf
Village of Ballston Spa Board of Trustees Meeting,"January 27, 2025 - 7:00pm",https://www.ballstonspa.gov/home/events/16276,https://www.ballstonspa.gov/sites/g/files/vyhlif6186/f/events/agenda_01.27.25_fsr.pdf
Village of Ballston Spa Board of Trustees Meeting,"January 27, 2025 - 7:00pm",https://www.ballstonspa.gov/home/events/16276,https://www.ballstonspa.gov/sites/g/files/vyhlif6186/f/events/bd._mtg._01.13.25.pdf
Park and Tree Meeting,"January 21, 2025 - 7:00pm",https://www.ballstonspa.gov/home/events/16451,https://www.ballstonspa.gov/sites/g/files/vyhlif6186/f/events/park_and_tree_agenda_1.21.25.pdf
Village of Ballston Spa Board of Trustees Meeting,"January 13, 2025 - 7:00pm",https://www.ballstonspa.gov/home/events/15861,https://www.ballstonspa.gov/sites/g/files/vyhlif6186/f/events/01.13.25_att.pdf
Village of Ballston Spa Board of Trustees Meeting,"January 13, 2025 - 7:00pm",https://www.ballstonspa.gov/home/events/15861,https://www.ballstonspa.gov/sites/g/files/vyhlif6186/f/events/bd._mtg._12.09.24.pdf
Village of Ballston Spa Board of Trustees Meeting,"January 13, 2025 - 7:00pm",https://www.ballstonspa.gov/home/events/15861,https://www.ballstonspa.gov/sites/g/files/vyhlif6186/f/events/organizational_bd._mtg._01.06.25.pdf
Village of Ballston Spa Board of Trustees Meeting,"January 13, 2025 - 7:00pm",https://www.ballstonspa.gov/home/events/15861,https://www.ballstonspa.gov/sites/g/files/vyhlif6186/f/events/special_mtg._01.02.25.pdf
Village of Ballston Spa Board of Trustees Meeting,"January 13, 2025 - 7:00pm",https://www.ballstonspa.gov/home/events/15861,https://www.ballstonspa.gov/sites/g/files/vyhlif6186/f/events/bd._mtg._12.16.24.pdf
Village of Ballston Spa Board of Trustees Meeting,"January 13, 2025 - 7:00pm",https://www.ballstonspa.gov/home/events/15861,https://www.ballstonspa.gov/sites/g/files/vyhlif6186/f/events/agenda_01.13.25_fsr.pdf
Reviatalize Ballston Spa (BOA) Steering Committee Meeting,"January 9, 2025 - 7:00pm",https://www.ballstonspa.gov/home/events/15271,https://www.ballstonspa.gov/sites/g/files/vyhlif6186/f/events/agenda_-_committee_meeting_1.9.25.pdf
Planning Board Meeting,"January 8, 2025 - 7:00pm",https://www.ballstonspa.gov/home/events/15756,https://www.ballstonspa.gov/sites/g/files/vyhlif6186/f/events/1.8.25_meeting_agenda.pdf
Planning Board Meeting,"January 8, 2025 - 7:00pm",https://www.ballstonspa.gov/home/events/15756,https://www.ballstonspa.gov/sites/g/files/vyhlif6186/f/events/site_plan_and_seqr_the_still.pdf
Planning Board Meeting,"January 8, 2025 - 7:00pm",https://www.ballstonspa.gov/home/events/15756,https://www.ballstonspa.gov/sites/g/files/vyhlif6186/f/events/scope_of_work_the_still.pdf
Planning Board Meeting,"January 8, 2025 - 7:00pm",https://www.ballstonspa.gov/home/events/15756,https://www.ballstonspa.gov/sites/g/files/vyhlif6186/f/events/floor_plan_the_still.pdf
Planning Board Meeting,"January 8, 2025 - 7:00pm",https://www.ballstonspa.gov/home/events/15756,https://www.ballstonspa.gov/sites/g/files/vyhlif6186/f/events/elevations_the_still.pdf
Planning Board Meeting,"January 8, 2025 - 7:00pm",https://www.ballstonspa.gov/home/events/15756,https://www.ballstonspa.gov/sites/g/files/vyhlif6186/f/events/17_washington_survey_the_still.pdf
2025 Village of Ballston Spa Organizational Meeting,"January 6, 2025 - 7:00pm",https://www.ballstonspa.gov/home/events/15791,https://www.ballstonspa.gov/sites/g/files/vyhlif6186/f/events/organizational_agenda_01.06.24_fsr.pdf
2025 Village of Ballston Spa Organizational Meeting,"January 6, 2025 - 7:00pm",https://www.ballstonspa.gov/home/events/15791,https://www.ballstonspa.gov/sites/g/files/vyhlif6186/f/events/2025_org_meeting_attachments.pdf
Village of Ballston Spa Special Meeting,"January 2, 2025 - 6:30pm",https://www.ballstonspa.gov/home/events/15771,https://www.ballstonspa.gov/sites/g/files/vyhlif6186/f/events/agenda_1.2.25_fsr.pdf
Village of Ballston Spa Special Meeting,"January 2, 2025 - 6:30pm",https://www.ballstonspa.gov/home/events/15771,https://www.ballstonspa.gov/sites/g/files/vyhlif6186/f/events/doclib-828945-v1-bspa_-_draft_mou_for_library_.pdf
